"","X","mean","median","min","max","order","ind_chr","id","chr","id_orig","idPre","idNum","idSuf","idNumBuffered","idNum_bin","chr_orig","chrBuffered","chrLogic","id_chr","id_seq","hasDivergentMedian","id_chr_inDiv","scaffoldOrChr","multiLineMultiChr","multiLineSingleChr","singleLineMultiChr","singleLineSingleChr","IntervalMidpoint_Mbp","IntervalRange_bp"
"628652",628652,2.08024834934897,1.98273437806237,42001,207000,628652,"phal_FIL30_1_M2-2_scaffold_10","phal_FIL30_001_M2-2","scaffold","phal_FIL30_1_M2-2","phal_FIL30",1,"M2-2","001","Lines000-099","10","00010",FALSE,"phal_FIL30_001_M2-2_scaffold","phal_FIL30_001_M2-2_00010",FALSE,FALSE,"scaffold","./depthImages/multiChr/LSVPlot_5x5Kbx40Kb_scaffold.html","./depthImages/singleChr/LSVPlot_5x5Kbx40Kb_scaffold.html","./depthImages/multiChr/Lines000-099/LSVPlot_5x5Kbx40Kb_phal_FIL30_001_M2-2.html","./depthImages/singleChr/singleLine_scaffold/Lines000-099/LSVPlot_5x5Kbx40Kb_scaffold_phal_FIL30_001_M2-2.html",0.1245005,165000
"628653",628653,2.09892604450493,2.07612285384216,82001,247000,628653,"phal_FIL30_1_M2-2_scaffold_10","phal_FIL30_001_M2-2","scaffold","phal_FIL30_1_M2-2","phal_FIL30",1,"M2-2","001","Lines000-099","10","00010",FALSE,"phal_FIL30_001_M2-2_scaffold","phal_FIL30_001_M2-2_00010",FALSE,FALSE,"scaffold","./depthImages/multiChr/LSVPlot_5x5Kbx40Kb_scaffold.html","./depthImages/singleChr/LSVPlot_5x5Kbx40Kb_scaffold.html","./depthImages/multiChr/Lines000-099/LSVPlot_5x5Kbx40Kb_phal_FIL30_001_M2-2.html","./depthImages/singleChr/singleLine_scaffold/Lines000-099/LSVPlot_5x5Kbx40Kb_scaffold_phal_FIL30_001_M2-2.html",0.1645005,165000
"628654",628654,2.06666539262009,2.07612285384216,122001,287000,628654,"phal_FIL30_1_M2-2_scaffold_10","phal_FIL30_001_M2-2","scaffold","phal_FIL30_1_M2-2","phal_FIL30",1,"M2-2","001","Lines000-099","10","00010",FALSE,"phal_FIL30_001_M2-2_scaffold","phal_FIL30_001_M2-2_00010",FALSE,FALSE,"scaffold","./depthImages/multiChr/LSVPlot_5x5Kbx40Kb_scaffold.html","./depthImages/singleChr/LSVPlot_5x5Kbx40Kb_scaffold.html","./depthImages/multiChr/Lines000-099/LSVPlot_5x5Kbx40Kb_phal_FIL30_001_M2-2.html","./depthImages/singleChr/singleLine_scaffold/Lines000-099/LSVPlot_5x5Kbx40Kb_scaffold_phal_FIL30_001_M2-2.html",0.2045005,165000
"628655",628655,2.10823439143157,2.07612285384216,162001,327000,628655,"phal_FIL30_1_M2-2_scaffold_10","phal_FIL30_001_M2-2","scaffold","phal_FIL30_1_M2-2","phal_FIL30",1,"M2-2","001","Lines000-099","10","00010",FALSE,"phal_FIL30_001_M2-2_scaffold","phal_FIL30_001_M2-2_00010",FALSE,FALSE,"scaffold","./depthImages/multiChr/LSVPlot_5x5Kbx40Kb_scaffold.html","./depthImages/singleChr/LSVPlot_5x5Kbx40Kb_scaffold.html","./depthImages/multiChr/Lines000-099/LSVPlot_5x5Kbx40Kb_phal_FIL30_001_M2-2.html","./depthImages/singleChr/singleLine_scaffold/Lines000-099/LSVPlot_5x5Kbx40Kb_scaffold_phal_FIL30_001_M2-2.html",0.2445005,165000
"628656",628656,2.10881503346073,2.07612285384216,202001,367000,628656,"phal_FIL30_1_M2-2_scaffold_10","phal_FIL30_001_M2-2","scaffold","phal_FIL30_1_M2-2","phal_FIL30",1,"M2-2","001","Lines000-099","10","00010",FALSE,"phal_FIL30_001_M2-2_scaffold","phal_FIL30_001_M2-2_00010",FALSE,FALSE,"scaffold","./depthImages/multiChr/LSVPlot_5x5Kbx40Kb_scaffold.html","./depthImages/singleChr/LSVPlot_5x5Kbx40Kb_scaffold.html","./depthImages/multiChr/Lines000-099/LSVPlot_5x5Kbx40Kb_phal_FIL30_001_M2-2.html","./depthImages/singleChr/singleLine_scaffold/Lines000-099/LSVPlot_5x5Kbx40Kb_scaffold_phal_FIL30_001_M2-2.html",0.2845005,165000
"628657",628657,1.9945889645488,2.04092284289141,242001,407000,628657,"phal_FIL30_1_M2-2_scaffold_10","phal_FIL30_001_M2-2","scaffold","phal_FIL30_1_M2-2","phal_FIL30",1,"M2-2","001","Lines000-099","10","00010",FALSE,"phal_FIL30_001_M2-2_scaffold","phal_FIL30_001_M2-2_00010",FALSE,FALSE,"scaffold","./depthImages/multiChr/LSVPlot_5x5Kbx40Kb_scaffold.html","./depthImages/singleChr/LSVPlot_5x5Kbx40Kb_scaffold.html","./depthImages/multiChr/Lines000-099/LSVPlot_5x5Kbx40Kb_phal_FIL30_001_M2-2.html","./depthImages/singleChr/singleLine_scaffold/Lines000-099/LSVPlot_5x5Kbx40Kb_scaffold_phal_FIL30_001_M2-2.html",0.3245005,165000
"628658",628658,1.97045504176473,1.95545323992179,282001,447000,628658,"phal_FIL30_1_M2-2_scaffold_10","phal_FIL30_001_M2-2","scaffold","phal_FIL30_1_M2-2","phal_FIL30",1,"M2-2","001","Lines000-099","10","00010",FALSE,"phal_FIL30_001_M2-2_scaffold","phal_FIL30_001_M2-2_00010",FALSE,FALSE,"scaffold","./depthImages/multiChr/LSVPlot_5x5Kbx40Kb_scaffold.html","./depthImages/singleChr/LSVPlot_5x5Kbx40Kb_scaffold.html","./depthImages/multiChr/Lines000-099/LSVPlot_5x5Kbx40Kb_phal_FIL30_001_M2-2.html","./depthImages/singleChr/singleLine_scaffold/Lines000-099/LSVPlot_5x5Kbx40Kb_scaffold_phal_FIL30_001_M2-2.html",0.3645005,165000
"628659",628659,1.99910757956173,1.95545323992179,322001,487000,628659,"phal_FIL30_1_M2-2_scaffold_10","phal_FIL30_001_M2-2","scaffold","phal_FIL30_1_M2-2","phal_FIL30",1,"M2-2","001","Lines000-099","10","00010",FALSE,"phal_FIL30_001_M2-2_scaffold","phal_FIL30_001_M2-2_00010",FALSE,FALSE,"scaffold","./depthImages/multiChr/LSVPlot_5x5Kbx40Kb_scaffold.html","./depthImages/singleChr/LSVPlot_5x5Kbx40Kb_scaffold.html","./depthImages/multiChr/Lines000-099/LSVPlot_5x5Kbx40Kb_phal_FIL30_001_M2-2.html","./depthImages/singleChr/singleLine_scaffold/Lines000-099/LSVPlot_5x5Kbx40Kb_scaffold_phal_FIL30_001_M2-2.html",0.4045005,165000
"628660",628660,1.96839907193384,1.90535309596589,362001,527000,628660,"phal_FIL30_1_M2-2_scaffold_10","phal_FIL30_001_M2-2","scaffold","phal_FIL30_1_M2-2","phal_FIL30",1,"M2-2","001","Lines000-099","10","00010",FALSE,"phal_FIL30_001_M2-2_scaffold","phal_FIL30_001_M2-2_00010",FALSE,FALSE,"scaffold","./depthImages/multiChr/LSVPlot_5x5Kbx40Kb_scaffold.html","./depthImages/singleChr/LSVPlot_5x5Kbx40Kb_scaffold.html","./depthImages/multiChr/Lines000-099/LSVPlot_5x5Kbx40Kb_phal_FIL30_001_M2-2.html","./depthImages/singleChr/singleLine_scaffold/Lines000-099/LSVPlot_5x5Kbx40Kb_scaffold_phal_FIL30_001_M2-2.html",0.4445005,165000
"628661",628661,1.90273229925839,1.89873332497195,402001,567000,628661,"phal_FIL30_1_M2-2_scaffold_10","phal_FIL30_001_M2-2","scaffold","phal_FIL30_1_M2-2","phal_FIL30",1,"M2-2","001","Lines000-099","10","00010",FALSE,"phal_FIL30_001_M2-2_scaffold","phal_FIL30_001_M2-2_00010",FALSE,FALSE,"scaffold","./depthImages/multiChr/LSVPlot_5x5Kbx40Kb_scaffold.html","./depthImages/singleChr/LSVPlot_5x5Kbx40Kb_scaffold.html","./depthImages/multiChr/Lines000-099/LSVPlot_5x5Kbx40Kb_phal_FIL30_001_M2-2.html","./depthImages/singleChr/singleLine_scaffold/Lines000-099/LSVPlot_5x5Kbx40Kb_scaffold_phal_FIL30_001_M2-2.html",0.4845005,165000
"628662",628662,1.87053716729125,1.88738030475195,442001,607000,628662,"phal_FIL30_1_M2-2_scaffold_10","phal_FIL30_001_M2-2","scaffold","phal_FIL30_1_M2-2","phal_FIL30",1,"M2-2","001","Lines000-099","10","00010",FALSE,"phal_FIL30_001_M2-2_scaffold","phal_FIL30_001_M2-2_00010",FALSE,FALSE,"scaffold","./depthImages/multiChr/LSVPlot_5x5Kbx40Kb_scaffold.html","./depthImages/singleChr/LSVPlot_5x5Kbx40Kb_scaffold.html","./depthImages/multiChr/Lines000-099/LSVPlot_5x5Kbx40Kb_phal_FIL30_001_M2-2.html","./depthImages/singleChr/singleLine_scaffold/Lines000-099/LSVPlot_5x5Kbx40Kb_scaffold_phal_FIL30_001_M2-2.html",0.5245005,165000
"628663",628663,1.88630261507137,1.88738030475195,482001,647000,628663,"phal_FIL30_1_M2-2_scaffold_10","phal_FIL30_001_M2-2","scaffold","phal_FIL30_1_M2-2","phal_FIL30",1,"M2-2","001","Lines000-099","10","00010",FALSE,"phal_FIL30_001_M2-2_scaffold","phal_FIL30_001_M2-2_00010",FALSE,FALSE,"scaffold","./depthImages/multiChr/LSVPlot_5x5Kbx40Kb_scaffold.html","./depthImages/singleChr/LSVPlot_5x5Kbx40Kb_scaffold.html","./depthImages/multiChr/Lines000-099/LSVPlot_5x5Kbx40Kb_phal_FIL30_001_M2-2.html","./depthImages/singleChr/singleLine_scaffold/Lines000-099/LSVPlot_5x5Kbx40Kb_scaffold_phal_FIL30_001_M2-2.html",0.5645005,165000
"628664",628664,1.87002882310229,1.86674153068038,522001,687000,628664,"phal_FIL30_1_M2-2_scaffold_10","phal_FIL30_001_M2-2","scaffold","phal_FIL30_1_M2-2","phal_FIL30",1,"M2-2","001","Lines000-099","10","00010",FALSE,"phal_FIL30_001_M2-2_scaffold","phal_FIL30_001_M2-2_00010",FALSE,FALSE,"scaffold","./depthImages/multiChr/LSVPlot_5x5Kbx40Kb_scaffold.html","./depthImages/singleChr/LSVPlot_5x5Kbx40Kb_scaffold.html","./depthImages/multiChr/Lines000-099/LSVPlot_5x5Kbx40Kb_phal_FIL30_001_M2-2.html","./depthImages/singleChr/singleLine_scaffold/Lines000-099/LSVPlot_5x5Kbx40Kb_scaffold_phal_FIL30_001_M2-2.html",0.6045005,165000
"628665",628665,1.83142855435431,1.81736436512656,562001,727000,628665,"phal_FIL30_1_M2-2_scaffold_10","phal_FIL30_001_M2-2","scaffold","phal_FIL30_1_M2-2","phal_FIL30",1,"M2-2","001","Lines000-099","10","00010",FALSE,"phal_FIL30_001_M2-2_scaffold","phal_FIL30_001_M2-2_00010",FALSE,FALSE,"scaffold","./depthImages/multiChr/LSVPlot_5x5Kbx40Kb_scaffold.html","./depthImages/singleChr/LSVPlot_5x5Kbx40Kb_scaffold.html","./depthImages/multiChr/Lines000-099/LSVPlot_5x5Kbx40Kb_phal_FIL30_001_M2-2.html","./depthImages/singleChr/singleLine_scaffold/Lines000-099/LSVPlot_5x5Kbx40Kb_scaffold_phal_FIL30_001_M2-2.html",0.6445005,165000
"4304009",4304009,2.0466122610668,1.99718798201278,42001,207000,4304009,"phal_FIL30_4_M2-3_scaffold_10","phal_FIL30_004_M2-3","scaffold","phal_FIL30_4_M2-3","phal_FIL30",4,"M2-3","004","Lines000-099","10","00010",FALSE,"phal_FIL30_004_M2-3_scaffold","phal_FIL30_004_M2-3_00010",FALSE,FALSE,"scaffold","./depthImages/multiChr/LSVPlot_5x5Kbx40Kb_scaffold.html","./depthImages/singleChr/LSVPlot_5x5Kbx40Kb_scaffold.html","./depthImages/multiChr/Lines000-099/LSVPlot_5x5Kbx40Kb_phal_FIL30_004_M2-3.html","./depthImages/singleChr/singleLine_scaffold/Lines000-099/LSVPlot_5x5Kbx40Kb_scaffold_phal_FIL30_004_M2-3.html",0.1245005,165000
"4304010",4304010,2.07573275087464,2.0274633113185,82001,247000,4304010,"phal_FIL30_4_M2-3_scaffold_10","phal_FIL30_004_M2-3","scaffold","phal_FIL30_4_M2-3","phal_FIL30",4,"M2-3","004","Lines000-099","10","00010",FALSE,"phal_FIL30_004_M2-3_scaffold","phal_FIL30_004_M2-3_00010",FALSE,FALSE,"scaffold","./depthImages/multiChr/LSVPlot_5x5Kbx40Kb_scaffold.html","./depthImages/singleChr/LSVPlot_5x5Kbx40Kb_scaffold.html","./depthImages/multiChr/Lines000-099/LSVPlot_5x5Kbx40Kb_phal_FIL30_004_M2-3.html","./depthImages/singleChr/singleLine_scaffold/Lines000-099/LSVPlot_5x5Kbx40Kb_scaffold_phal_FIL30_004_M2-3.html",0.1645005,165000
"4304011",4304011,2.06939111373069,2.0274633113185,122001,287000,4304011,"phal_FIL30_4_M2-3_scaffold_10","phal_FIL30_004_M2-3","scaffold","phal_FIL30_4_M2-3","phal_FIL30",4,"M2-3","004","Lines000-099","10","00010",FALSE,"phal_FIL30_004_M2-3_scaffold","phal_FIL30_004_M2-3_00010",FALSE,FALSE,"scaffold","./depthImages/multiChr/LSVPlot_5x5Kbx40Kb_scaffold.html","./depthImages/singleChr/LSVPlot_5x5Kbx40Kb_scaffold.html","./depthImages/multiChr/Lines000-099/LSVPlot_5x5Kbx40Kb_phal_FIL30_004_M2-3.html","./depthImages/singleChr/singleLine_scaffold/Lines000-099/LSVPlot_5x5Kbx40Kb_scaffold_phal_FIL30_004_M2-3.html",0.2045005,165000
"4304012",4304012,2.10867989403103,2.14279043105196,162001,327000,4304012,"phal_FIL30_4_M2-3_scaffold_10","phal_FIL30_004_M2-3","scaffold","phal_FIL30_4_M2-3","phal_FIL30",4,"M2-3","004","Lines000-099","10","00010",FALSE,"phal_FIL30_004_M2-3_scaffold","phal_FIL30_004_M2-3_00010",FALSE,FALSE,"scaffold","./depthImages/multiChr/LSVPlot_5x5Kbx40Kb_scaffold.html","./depthImages/singleChr/LSVPlot_5x5Kbx40Kb_scaffold.html","./depthImages/multiChr/Lines000-099/LSVPlot_5x5Kbx40Kb_phal_FIL30_004_M2-3.html","./depthImages/singleChr/singleLine_scaffold/Lines000-099/LSVPlot_5x5Kbx40Kb_scaffold_phal_FIL30_004_M2-3.html",0.2445005,165000
"4304013",4304013,2.14557487739686,2.14663989604491,202001,367000,4304013,"phal_FIL30_4_M2-3_scaffold_10","phal_FIL30_004_M2-3","scaffold","phal_FIL30_4_M2-3","phal_FIL30",4,"M2-3","004","Lines000-099","10","00010",FALSE,"phal_FIL30_004_M2-3_scaffold","phal_FIL30_004_M2-3_00010",FALSE,FALSE,"scaffold","./depthImages/multiChr/LSVPlot_5x5Kbx40Kb_scaffold.html","./depthImages/singleChr/LSVPlot_5x5Kbx40Kb_scaffold.html","./depthImages/multiChr/Lines000-099/LSVPlot_5x5Kbx40Kb_phal_FIL30_004_M2-3.html","./depthImages/singleChr/singleLine_scaffold/Lines000-099/LSVPlot_5x5Kbx40Kb_scaffold_phal_FIL30_004_M2-3.html",0.2845005,165000
"4304014",4304014,2.07018096691813,2.14279043105196,242001,407000,4304014,"phal_FIL30_4_M2-3_scaffold_10","phal_FIL30_004_M2-3","scaffold","phal_FIL30_4_M2-3","phal_FIL30",4,"M2-3","004","Lines000-099","10","00010",FALSE,"phal_FIL30_004_M2-3_scaffold","phal_FIL30_004_M2-3_00010",FALSE,FALSE,"scaffold","./depthImages/multiChr/LSVPlot_5x5Kbx40Kb_scaffold.html","./depthImages/singleChr/LSVPlot_5x5Kbx40Kb_scaffold.html","./depthImages/multiChr/Lines000-099/LSVPlot_5x5Kbx40Kb_phal_FIL30_004_M2-3.html","./depthImages/singleChr/singleLine_scaffold/Lines000-099/LSVPlot_5x5Kbx40Kb_scaffold_phal_FIL30_004_M2-3.html",0.3245005,165000
"4304015",4304015,2.04512665272508,2.0175188600867,282001,447000,4304015,"phal_FIL30_4_M2-3_scaffold_10","phal_FIL30_004_M2-3","scaffold","phal_FIL30_4_M2-3","phal_FIL30",4,"M2-3","004","Lines000-099","10","00010",FALSE,"phal_FIL30_004_M2-3_scaffold","phal_FIL30_004_M2-3_00010",FALSE,FALSE,"scaffold","./depthImages/multiChr/LSVPlot_5x5Kbx40Kb_scaffold.html","./depthImages/singleChr/LSVPlot_5x5Kbx40Kb_scaffold.html","./depthImages/multiChr/Lines000-099/LSVPlot_5x5Kbx40Kb_phal_FIL30_004_M2-3.html","./depthImages/singleChr/singleLine_scaffold/Lines000-099/LSVPlot_5x5Kbx40Kb_scaffold_phal_FIL30_004_M2-3.html",0.3645005,165000
"4304016",4304016,2.07297254190191,2.0175188600867,322001,487000,4304016,"phal_FIL30_4_M2-3_scaffold_10","phal_FIL30_004_M2-3","scaffold","phal_FIL30_4_M2-3","phal_FIL30",4,"M2-3","004","Lines000-099","10","00010",FALSE,"phal_FIL30_004_M2-3_scaffold","phal_FIL30_004_M2-3_00010",FALSE,FALSE,"scaffold","./depthImages/multiChr/LSVPlot_5x5Kbx40Kb_scaffold.html","./depthImages/singleChr/LSVPlot_5x5Kbx40Kb_scaffold.html","./depthImages/multiChr/Lines000-099/LSVPlot_5x5Kbx40Kb_phal_FIL30_004_M2-3.html","./depthImages/singleChr/singleLine_scaffold/Lines000-099/LSVPlot_5x5Kbx40Kb_scaffold_phal_FIL30_004_M2-3.html",0.4045005,165000
"4304017",4304017,2.0393895241578,2.00063824322869,362001,527000,4304017,"phal_FIL30_4_M2-3_scaffold_10","phal_FIL30_004_M2-3","scaffold","phal_FIL30_4_M2-3","phal_FIL30",4,"M2-3","004","Lines000-099","10","00010",FALSE,"phal_FIL30_004_M2-3_scaffold","phal_FIL30_004_M2-3_00010",FALSE,FALSE,"scaffold","./depthImages/multiChr/LSVPlot_5x5Kbx40Kb_scaffold.html","./depthImages/singleChr/LSVPlot_5x5Kbx40Kb_scaffold.html","./depthImages/multiChr/Lines000-099/LSVPlot_5x5Kbx40Kb_phal_FIL30_004_M2-3.html","./depthImages/singleChr/singleLine_scaffold/Lines000-099/LSVPlot_5x5Kbx40Kb_scaffold_phal_FIL30_004_M2-3.html",0.4445005,165000
"4304018",4304018,1.98803908687952,1.98812748200158,402001,567000,4304018,"phal_FIL30_4_M2-3_scaffold_10","phal_FIL30_004_M2-3","scaffold","phal_FIL30_4_M2-3","phal_FIL30",4,"M2-3","004","Lines000-099","10","00010",FALSE,"phal_FIL30_004_M2-3_scaffold","phal_FIL30_004_M2-3_00010",FALSE,FALSE,"scaffold","./depthImages/multiChr/LSVPlot_5x5Kbx40Kb_scaffold.html","./depthImages/singleChr/LSVPlot_5x5Kbx40Kb_scaffold.html","./depthImages/multiChr/Lines000-099/LSVPlot_5x5Kbx40Kb_phal_FIL30_004_M2-3.html","./depthImages/singleChr/singleLine_scaffold/Lines000-099/LSVPlot_5x5Kbx40Kb_scaffold_phal_FIL30_004_M2-3.html",0.4845005,165000
"4304019",4304019,1.9975772056954,2.00063824322869,442001,607000,4304019,"phal_FIL30_4_M2-3_scaffold_10","phal_FIL30_004_M2-3","scaffold","phal_FIL30_4_M2-3","phal_FIL30",4,"M2-3","004","Lines000-099","10","00010",FALSE,"phal_FIL30_004_M2-3_scaffold","phal_FIL30_004_M2-3_00010",FALSE,FALSE,"scaffold","./depthImages/multiChr/LSVPlot_5x5Kbx40Kb_scaffold.html","./depthImages/singleChr/LSVPlot_5x5Kbx40Kb_scaffold.html","./depthImages/multiChr/Lines000-099/LSVPlot_5x5Kbx40Kb_phal_FIL30_004_M2-3.html","./depthImages/singleChr/singleLine_scaffold/Lines000-099/LSVPlot_5x5Kbx40Kb_scaffold_phal_FIL30_004_M2-3.html",0.5245005,165000
"4304020",4304020,2.01661780013279,2.00063824322869,482001,647000,4304020,"phal_FIL30_4_M2-3_scaffold_10","phal_FIL30_004_M2-3","scaffold","phal_FIL30_4_M2-3","phal_FIL30",4,"M2-3","004","Lines000-099","10","00010",FALSE,"phal_FIL30_004_M2-3_scaffold","phal_FIL30_004_M2-3_00010",FALSE,FALSE,"scaffold","./depthImages/multiChr/LSVPlot_5x5Kbx40Kb_scaffold.html","./depthImages/singleChr/LSVPlot_5x5Kbx40Kb_scaffold.html","./depthImages/multiChr/Lines000-099/LSVPlot_5x5Kbx40Kb_phal_FIL30_004_M2-3.html","./depthImages/singleChr/singleLine_scaffold/Lines000-099/LSVPlot_5x5Kbx40Kb_scaffold_phal_FIL30_004_M2-3.html",0.5645005,165000
"4304021",4304021,1.98911693707755,1.97872480732434,522001,687000,4304021,"phal_FIL30_4_M2-3_scaffold_10","phal_FIL30_004_M2-3","scaffold","phal_FIL30_4_M2-3","phal_FIL30",4,"M2-3","004","Lines000-099","10","00010",FALSE,"phal_FIL30_004_M2-3_scaffold","phal_FIL30_004_M2-3_00010",FALSE,FALSE,"scaffold","./depthImages/multiChr/LSVPlot_5x5Kbx40Kb_scaffold.html","./depthImages/singleChr/LSVPlot_5x5Kbx40Kb_scaffold.html","./depthImages/multiChr/Lines000-099/LSVPlot_5x5Kbx40Kb_phal_FIL30_004_M2-3.html","./depthImages/singleChr/singleLine_scaffold/Lines000-099/LSVPlot_5x5Kbx40Kb_scaffold_phal_FIL30_004_M2-3.html",0.6045005,165000
"4304022",4304022,1.98744455839727,1.97036291392297,562001,727000,4304022,"phal_FIL30_4_M2-3_scaffold_10","phal_FIL30_004_M2-3","scaffold","phal_FIL30_4_M2-3","phal_FIL30",4,"M2-3","004","Lines000-099","10","00010",FALSE,"phal_FIL30_004_M2-3_scaffold","phal_FIL30_004_M2-3_00010",FALSE,FALSE,"scaffold","./depthImages/multiChr/LSVPlot_5x5Kbx40Kb_scaffold.html","./depthImages/singleChr/LSVPlot_5x5Kbx40Kb_scaffold.html","./depthImages/multiChr/Lines000-099/LSVPlot_5x5Kbx40Kb_phal_FIL30_004_M2-3.html","./depthImages/singleChr/singleLine_scaffold/Lines000-099/LSVPlot_5x5Kbx40Kb_scaffold_phal_FIL30_004_M2-3.html",0.6445005,165000
"5525061",5525061,2.10965190982373,2.01115740185353,42001,207000,5525061,"phal_FIL30_5_M2-2_scaffold_10","phal_FIL30_005_M2-2","scaffold","phal_FIL30_5_M2-2","phal_FIL30",5,"M2-2","005","Lines000-099","10","00010",FALSE,"phal_FIL30_005_M2-2_scaffold","phal_FIL30_005_M2-2_00010",FALSE,FALSE,"scaffold","./depthImages/multiChr/LSVPlot_5x5Kbx40Kb_scaffold.html","./depthImages/singleChr/LSVPlot_5x5Kbx40Kb_scaffold.html","./depthImages/multiChr/Lines000-099/LSVPlot_5x5Kbx40Kb_phal_FIL30_005_M2-2.html","./depthImages/singleChr/singleLine_scaffold/Lines000-099/LSVPlot_5x5Kbx40Kb_scaffold_phal_FIL30_005_M2-2.html",0.1245005,165000
"5525062",5525062,2.13299358657606,2.08953884849122,82001,247000,5525062,"phal_FIL30_5_M2-2_scaffold_10","phal_FIL30_005_M2-2","scaffold","phal_FIL30_5_M2-2","phal_FIL30",5,"M2-2","005","Lines000-099","10","00010",FALSE,"phal_FIL30_005_M2-2_scaffold","phal_FIL30_005_M2-2_00010",FALSE,FALSE,"scaffold","./depthImages/multiChr/LSVPlot_5x5Kbx40Kb_scaffold.html","./depthImages/singleChr/LSVPlot_5x5Kbx40Kb_scaffold.html","./depthImages/multiChr/Lines000-099/LSVPlot_5x5Kbx40Kb_phal_FIL30_005_M2-2.html","./depthImages/singleChr/singleLine_scaffold/Lines000-099/LSVPlot_5x5Kbx40Kb_scaffold_phal_FIL30_005_M2-2.html",0.1645005,165000
"5525063",5525063,2.14953022983545,2.08953884849122,122001,287000,5525063,"phal_FIL30_5_M2-2_scaffold_10","phal_FIL30_005_M2-2","scaffold","phal_FIL30_5_M2-2","phal_FIL30",5,"M2-2","005","Lines000-099","10","00010",FALSE,"phal_FIL30_005_M2-2_scaffold","phal_FIL30_005_M2-2_00010",FALSE,FALSE,"scaffold","./depthImages/multiChr/LSVPlot_5x5Kbx40Kb_scaffold.html","./depthImages/singleChr/LSVPlot_5x5Kbx40Kb_scaffold.html","./depthImages/multiChr/Lines000-099/LSVPlot_5x5Kbx40Kb_phal_FIL30_005_M2-2.html","./depthImages/singleChr/singleLine_scaffold/Lines000-099/LSVPlot_5x5Kbx40Kb_scaffold_phal_FIL30_005_M2-2.html",0.2045005,165000
"5525064",5525064,2.16568474781128,2.08953884849122,162001,327000,5525064,"phal_FIL30_5_M2-2_scaffold_10","phal_FIL30_005_M2-2","scaffold","phal_FIL30_5_M2-2","phal_FIL30",5,"M2-2","005","Lines000-099","10","00010",FALSE,"phal_FIL30_005_M2-2_scaffold","phal_FIL30_005_M2-2_00010",FALSE,FALSE,"scaffold","./depthImages/multiChr/LSVPlot_5x5Kbx40Kb_scaffold.html","./depthImages/singleChr/LSVPlot_5x5Kbx40Kb_scaffold.html","./depthImages/multiChr/Lines000-099/LSVPlot_5x5Kbx40Kb_phal_FIL30_005_M2-2.html","./depthImages/singleChr/singleLine_scaffold/Lines000-099/LSVPlot_5x5Kbx40Kb_scaffold_phal_FIL30_005_M2-2.html",0.2445005,165000
"5525065",5525065,2.19822260129801,2.12786578561518,202001,367000,5525065,"phal_FIL30_5_M2-2_scaffold_10","phal_FIL30_005_M2-2","scaffold","phal_FIL30_5_M2-2","phal_FIL30",5,"M2-2","005","Lines000-099","10","00010",FALSE,"phal_FIL30_005_M2-2_scaffold","phal_FIL30_005_M2-2_00010",FALSE,FALSE,"scaffold","./depthImages/multiChr/LSVPlot_5x5Kbx40Kb_scaffold.html","./depthImages/singleChr/LSVPlot_5x5Kbx40Kb_scaffold.html","./depthImages/multiChr/Lines000-099/LSVPlot_5x5Kbx40Kb_phal_FIL30_005_M2-2.html","./depthImages/singleChr/singleLine_scaffold/Lines000-099/LSVPlot_5x5Kbx40Kb_scaffold_phal_FIL30_005_M2-2.html",0.2845005,165000
"5525066",5525066,2.05376322688327,1.99064390983465,242001,407000,5525066,"phal_FIL30_5_M2-2_scaffold_10","phal_FIL30_005_M2-2","scaffold","phal_FIL30_5_M2-2","phal_FIL30",5,"M2-2","005","Lines000-099","10","00010",FALSE,"phal_FIL30_005_M2-2_scaffold","phal_FIL30_005_M2-2_00010",FALSE,FALSE,"scaffold","./depthImages/multiChr/LSVPlot_5x5Kbx40Kb_scaffold.html","./depthImages/singleChr/LSVPlot_5x5Kbx40Kb_scaffold.html","./depthImages/multiChr/Lines000-099/LSVPlot_5x5Kbx40Kb_phal_FIL30_005_M2-2.html","./depthImages/singleChr/singleLine_scaffold/Lines000-099/LSVPlot_5x5Kbx40Kb_scaffold_phal_FIL30_005_M2-2.html",0.3245005,165000
"5525067",5525067,2.05042477904662,1.99064390983465,282001,447000,5525067,"phal_FIL30_5_M2-2_scaffold_10","phal_FIL30_005_M2-2","scaffold","phal_FIL30_5_M2-2","phal_FIL30",5,"M2-2","005","Lines000-099","10","00010",FALSE,"phal_FIL30_005_M2-2_scaffold","phal_FIL30_005_M2-2_00010",FALSE,FALSE,"scaffold","./depthImages/multiChr/LSVPlot_5x5Kbx40Kb_scaffold.html","./depthImages/singleChr/LSVPlot_5x5Kbx40Kb_scaffold.html","./depthImages/multiChr/Lines000-099/LSVPlot_5x5Kbx40Kb_phal_FIL30_005_M2-2.html","./depthImages/singleChr/singleLine_scaffold/Lines000-099/LSVPlot_5x5Kbx40Kb_scaffold_phal_FIL30_005_M2-2.html",0.3645005,165000
"5525068",5525068,2.0428074433042,1.99064390983465,322001,487000,5525068,"phal_FIL30_5_M2-2_scaffold_10","phal_FIL30_005_M2-2","scaffold","phal_FIL30_5_M2-2","phal_FIL30",5,"M2-2","005","Lines000-099","10","00010",FALSE,"phal_FIL30_005_M2-2_scaffold","phal_FIL30_005_M2-2_00010",FALSE,FALSE,"scaffold","./depthImages/multiChr/LSVPlot_5x5Kbx40Kb_scaffold.html","./depthImages/singleChr/LSVPlot_5x5Kbx40Kb_scaffold.html","./depthImages/multiChr/Lines000-099/LSVPlot_5x5Kbx40Kb_phal_FIL30_005_M2-2.html","./depthImages/singleChr/singleLine_scaffold/Lines000-099/LSVPlot_5x5Kbx40Kb_scaffold_phal_FIL30_005_M2-2.html",0.4045005,165000
"5525069",5525069,2.06679438550542,2.11057862084076,362001,527000,5525069,"phal_FIL30_5_M2-2_scaffold_10","phal_FIL30_005_M2-2","scaffold","phal_FIL30_5_M2-2","phal_FIL30",5,"M2-2","005","Lines000-099","10","00010",FALSE,"phal_FIL30_005_M2-2_scaffold","phal_FIL30_005_M2-2_00010",FALSE,FALSE,"scaffold","./depthImages/multiChr/LSVPlot_5x5Kbx40Kb_scaffold.html","./depthImages/singleChr/LSVPlot_5x5Kbx40Kb_scaffold.html","./depthImages/multiChr/Lines000-099/LSVPlot_5x5Kbx40Kb_phal_FIL30_005_M2-2.html","./depthImages/singleChr/singleLine_scaffold/Lines000-099/LSVPlot_5x5Kbx40Kb_scaffold_phal_FIL30_005_M2-2.html",0.4445005,165000
"5525070",5525070,2.00032060339269,1.93990362143323,402001,567000,5525070,"phal_FIL30_5_M2-2_scaffold_10","phal_FIL30_005_M2-2","scaffold","phal_FIL30_5_M2-2","phal_FIL30",5,"M2-2","005","Lines000-099","10","00010",FALSE,"phal_FIL30_005_M2-2_scaffold","phal_FIL30_005_M2-2_00010",FALSE,FALSE,"scaffold","./depthImages/multiChr/LSVPlot_5x5Kbx40Kb_scaffold.html","./depthImages/singleChr/LSVPlot_5x5Kbx40Kb_scaffold.html","./depthImages/multiChr/Lines000-099/LSVPlot_5x5Kbx40Kb_phal_FIL30_005_M2-2.html","./depthImages/singleChr/singleLine_scaffold/Lines000-099/LSVPlot_5x5Kbx40Kb_scaffold_phal_FIL30_005_M2-2.html",0.4845005,165000
"5525071",5525071,1.99981949299089,1.93739806942423,442001,607000,5525071,"phal_FIL30_5_M2-2_scaffold_10","phal_FIL30_005_M2-2","scaffold","phal_FIL30_5_M2-2","phal_FIL30",5,"M2-2","005","Lines000-099","10","00010",FALSE,"phal_FIL30_005_M2-2_scaffold","phal_FIL30_005_M2-2_00010",FALSE,FALSE,"scaffold","./depthImages/multiChr/LSVPlot_5x5Kbx40Kb_scaffold.html","./depthImages/singleChr/LSVPlot_5x5Kbx40Kb_scaffold.html","./depthImages/multiChr/Lines000-099/LSVPlot_5x5Kbx40Kb_phal_FIL30_005_M2-2.html","./depthImages/singleChr/singleLine_scaffold/Lines000-099/LSVPlot_5x5Kbx40Kb_scaffold_phal_FIL30_005_M2-2.html",0.5245005,165000
"5525072",5525072,2.03864296416595,1.93739806942423,482001,647000,5525072,"phal_FIL30_5_M2-2_scaffold_10","phal_FIL30_005_M2-2","scaffold","phal_FIL30_5_M2-2","phal_FIL30",5,"M2-2","005","Lines000-099","10","00010",FALSE,"phal_FIL30_005_M2-2_scaffold","phal_FIL30_005_M2-2_00010",FALSE,FALSE,"scaffold","./depthImages/multiChr/LSVPlot_5x5Kbx40Kb_scaffold.html","./depthImages/singleChr/LSVPlot_5x5Kbx40Kb_scaffold.html","./depthImages/multiChr/Lines000-099/LSVPlot_5x5Kbx40Kb_phal_FIL30_005_M2-2.html","./depthImages/singleChr/singleLine_scaffold/Lines000-099/LSVPlot_5x5Kbx40Kb_scaffold_phal_FIL30_005_M2-2.html",0.5645005,165000
"5525073",5525073,2.04625572355768,1.95815181985494,522001,687000,5525073,"phal_FIL30_5_M2-2_scaffold_10","phal_FIL30_005_M2-2","scaffold","phal_FIL30_5_M2-2","phal_FIL30",5,"M2-2","005","Lines000-099","10","00010",FALSE,"phal_FIL30_005_M2-2_scaffold","phal_FIL30_005_M2-2_00010",FALSE,FALSE,"scaffold","./depthImages/multiChr/LSVPlot_5x5Kbx40Kb_scaffold.html","./depthImages/singleChr/LSVPlot_5x5Kbx40Kb_scaffold.html","./depthImages/multiChr/Lines000-099/LSVPlot_5x5Kbx40Kb_phal_FIL30_005_M2-2.html","./depthImages/singleChr/singleLine_scaffold/Lines000-099/LSVPlot_5x5Kbx40Kb_scaffold_phal_FIL30_005_M2-2.html",0.6045005,165000
"5525074",5525074,2.001327400547,1.93739806942423,562001,727000,5525074,"phal_FIL30_5_M2-2_scaffold_10","phal_FIL30_005_M2-2","scaffold","phal_FIL30_5_M2-2","phal_FIL30",5,"M2-2","005","Lines000-099","10","00010",FALSE,"phal_FIL30_005_M2-2_scaffold","phal_FIL30_005_M2-2_00010",FALSE,FALSE,"scaffold","./depthImages/multiChr/LSVPlot_5x5Kbx40Kb_scaffold.html","./depthImages/singleChr/LSVPlot_5x5Kbx40Kb_scaffold.html","./depthImages/multiChr/Lines000-099/LSVPlot_5x5Kbx40Kb_phal_FIL30_005_M2-2.html","./depthImages/singleChr/singleLine_scaffold/Lines000-099/LSVPlot_5x5Kbx40Kb_scaffold_phal_FIL30_005_M2-2.html",0.6445005,165000
"6782451",6782451,2.11687319560414,2.08813263135871,42001,207000,6782451,"phal_FIL30_6_M2-2_scaffold_10","phal_FIL30_006_M2-2","scaffold","phal_FIL30_6_M2-2","phal_FIL30",6,"M2-2","006","Lines000-099","10","00010",FALSE,"phal_FIL30_006_M2-2_scaffold","phal_FIL30_006_M2-2_00010",FALSE,FALSE,"scaffold","./depthImages/multiChr/LSVPlot_5x5Kbx40Kb_scaffold.html","./depthImages/singleChr/LSVPlot_5x5Kbx40Kb_scaffold.html","./depthImages/multiChr/Lines000-099/LSVPlot_5x5Kbx40Kb_phal_FIL30_006_M2-2.html","./depthImages/singleChr/singleLine_scaffold/Lines000-099/LSVPlot_5x5Kbx40Kb_scaffold_phal_FIL30_006_M2-2.html",0.1245005,165000
"6782452",6782452,2.14384993333336,2.13160122740767,82001,247000,6782452,"phal_FIL30_6_M2-2_scaffold_10","phal_FIL30_006_M2-2","scaffold","phal_FIL30_6_M2-2","phal_FIL30",6,"M2-2","006","Lines000-099","10","00010",FALSE,"phal_FIL30_006_M2-2_scaffold","phal_FIL30_006_M2-2_00010",FALSE,FALSE,"scaffold","./depthImages/multiChr/LSVPlot_5x5Kbx40Kb_scaffold.html","./depthImages/singleChr/LSVPlot_5x5Kbx40Kb_scaffold.html","./depthImages/multiChr/Lines000-099/LSVPlot_5x5Kbx40Kb_phal_FIL30_006_M2-2.html","./depthImages/singleChr/singleLine_scaffold/Lines000-099/LSVPlot_5x5Kbx40Kb_scaffold_phal_FIL30_006_M2-2.html",0.1645005,165000
"6782453",6782453,2.10555061918924,2.08813263135871,122001,287000,6782453,"phal_FIL30_6_M2-2_scaffold_10","phal_FIL30_006_M2-2","scaffold","phal_FIL30_6_M2-2","phal_FIL30",6,"M2-2","006","Lines000-099","10","00010",FALSE,"phal_FIL30_006_M2-2_scaffold","phal_FIL30_006_M2-2_00010",FALSE,FALSE,"scaffold","./depthImages/multiChr/LSVPlot_5x5Kbx40Kb_scaffold.html","./depthImages/singleChr/LSVPlot_5x5Kbx40Kb_scaffold.html","./depthImages/multiChr/Lines000-099/LSVPlot_5x5Kbx40Kb_phal_FIL30_006_M2-2.html","./depthImages/singleChr/singleLine_scaffold/Lines000-099/LSVPlot_5x5Kbx40Kb_scaffold_phal_FIL30_006_M2-2.html",0.2045005,165000
"6782454",6782454,2.10583199534269,2.08813263135871,162001,327000,6782454,"phal_FIL30_6_M2-2_scaffold_10","phal_FIL30_006_M2-2","scaffold","phal_FIL30_6_M2-2","phal_FIL30",6,"M2-2","006","Lines000-099","10","00010",FALSE,"phal_FIL30_006_M2-2_scaffold","phal_FIL30_006_M2-2_00010",FALSE,FALSE,"scaffold","./depthImages/multiChr/LSVPlot_5x5Kbx40Kb_scaffold.html","./depthImages/singleChr/LSVPlot_5x5Kbx40Kb_scaffold.html","./depthImages/multiChr/Lines000-099/LSVPlot_5x5Kbx40Kb_phal_FIL30_006_M2-2.html","./depthImages/singleChr/singleLine_scaffold/Lines000-099/LSVPlot_5x5Kbx40Kb_scaffold_phal_FIL30_006_M2-2.html",0.2445005,165000
"6782455",6782455,2.10452962571815,2.08162078323597,202001,367000,6782455,"phal_FIL30_6_M2-2_scaffold_10","phal_FIL30_006_M2-2","scaffold","phal_FIL30_6_M2-2","phal_FIL30",6,"M2-2","006","Lines000-099","10","00010",FALSE,"phal_FIL30_006_M2-2_scaffold","phal_FIL30_006_M2-2_00010",FALSE,FALSE,"scaffold","./depthImages/multiChr/LSVPlot_5x5Kbx40Kb_scaffold.html","./depthImages/singleChr/LSVPlot_5x5Kbx40Kb_scaffold.html","./depthImages/multiChr/Lines000-099/LSVPlot_5x5Kbx40Kb_phal_FIL30_006_M2-2.html","./depthImages/singleChr/singleLine_scaffold/Lines000-099/LSVPlot_5x5Kbx40Kb_scaffold_phal_FIL30_006_M2-2.html",0.2845005,165000
"6782456",6782456,2.00089798447,1.94010465668709,242001,407000,6782456,"phal_FIL30_6_M2-2_scaffold_10","phal_FIL30_006_M2-2","scaffold","phal_FIL30_6_M2-2","phal_FIL30",6,"M2-2","006","Lines000-099","10","00010",FALSE,"phal_FIL30_006_M2-2_scaffold","phal_FIL30_006_M2-2_00010",FALSE,FALSE,"scaffold","./depthImages/multiChr/LSVPlot_5x5Kbx40Kb_scaffold.html","./depthImages/singleChr/LSVPlot_5x5Kbx40Kb_scaffold.html","./depthImages/multiChr/Lines000-099/LSVPlot_5x5Kbx40Kb_phal_FIL30_006_M2-2.html","./depthImages/singleChr/singleLine_scaffold/Lines000-099/LSVPlot_5x5Kbx40Kb_scaffold_phal_FIL30_006_M2-2.html",0.3245005,165000
"6782457",6782457,1.97611919646518,1.94010465668709,282001,447000,6782457,"phal_FIL30_6_M2-2_scaffold_10","phal_FIL30_006_M2-2","scaffold","phal_FIL30_6_M2-2","phal_FIL30",6,"M2-2","006","Lines000-099","10","00010",FALSE,"phal_FIL30_006_M2-2_scaffold","phal_FIL30_006_M2-2_00010",FALSE,FALSE,"scaffold","./depthImages/multiChr/LSVPlot_5x5Kbx40Kb_scaffold.html","./depthImages/singleChr/LSVPlot_5x5Kbx40Kb_scaffold.html","./depthImages/multiChr/Lines000-099/LSVPlot_5x5Kbx40Kb_phal_FIL30_006_M2-2.html","./depthImages/singleChr/singleLine_scaffold/Lines000-099/LSVPlot_5x5Kbx40Kb_scaffold_phal_FIL30_006_M2-2.html",0.3645005,165000
"6782458",6782458,1.98791930840907,1.99910521640658,322001,487000,6782458,"phal_FIL30_6_M2-2_scaffold_10","phal_FIL30_006_M2-2","scaffold","phal_FIL30_6_M2-2","phal_FIL30",6,"M2-2","006","Lines000-099","10","00010",FALSE,"phal_FIL30_006_M2-2_scaffold","phal_FIL30_006_M2-2_00010",FALSE,FALSE,"scaffold","./depthImages/multiChr/LSVPlot_5x5Kbx40Kb_scaffold.html","./depthImages/singleChr/LSVPlot_5x5Kbx40Kb_scaffold.html","./depthImages/multiChr/Lines000-099/LSVPlot_5x5Kbx40Kb_phal_FIL30_006_M2-2.html","./depthImages/singleChr/singleLine_scaffold/Lines000-099/LSVPlot_5x5Kbx40Kb_scaffold_phal_FIL30_006_M2-2.html",0.4045005,165000
"6782459",6782459,1.98464569784663,1.99910521640658,362001,527000,6782459,"phal_FIL30_6_M2-2_scaffold_10","phal_FIL30_006_M2-2","scaffold","phal_FIL30_6_M2-2","phal_FIL30",6,"M2-2","006","Lines000-099","10","00010",FALSE,"phal_FIL30_006_M2-2_scaffold","phal_FIL30_006_M2-2_00010",FALSE,FALSE,"scaffold","./depthImages/multiChr/LSVPlot_5x5Kbx40Kb_scaffold.html","./depthImages/singleChr/LSVPlot_5x5Kbx40Kb_scaffold.html","./depthImages/multiChr/Lines000-099/LSVPlot_5x5Kbx40Kb_phal_FIL30_006_M2-2.html","./depthImages/singleChr/singleLine_scaffold/Lines000-099/LSVPlot_5x5Kbx40Kb_scaffold_phal_FIL30_006_M2-2.html",0.4445005,165000
"6782460",6782460,1.97239859978468,1.99910521640658,402001,567000,6782460,"phal_FIL30_6_M2-2_scaffold_10","phal_FIL30_006_M2-2","scaffold","phal_FIL30_6_M2-2","phal_FIL30",6,"M2-2","006","Lines000-099","10","00010",FALSE,"phal_FIL30_006_M2-2_scaffold","phal_FIL30_006_M2-2_00010",FALSE,FALSE,"scaffold","./depthImages/multiChr/LSVPlot_5x5Kbx40Kb_scaffold.html","./depthImages/singleChr/LSVPlot_5x5Kbx40Kb_scaffold.html","./depthImages/multiChr/Lines000-099/LSVPlot_5x5Kbx40Kb_phal_FIL30_006_M2-2.html","./depthImages/singleChr/singleLine_scaffold/Lines000-099/LSVPlot_5x5Kbx40Kb_scaffold_phal_FIL30_006_M2-2.html",0.4845005,165000
"6782461",6782461,1.99183124087392,1.99910521640658,442001,607000,6782461,"phal_FIL30_6_M2-2_scaffold_10","phal_FIL30_006_M2-2","scaffold","phal_FIL30_6_M2-2","phal_FIL30",6,"M2-2","006","Lines000-099","10","00010",FALSE,"phal_FIL30_006_M2-2_scaffold","phal_FIL30_006_M2-2_00010",FALSE,FALSE,"scaffold","./depthImages/multiChr/LSVPlot_5x5Kbx40Kb_scaffold.html","./depthImages/singleChr/LSVPlot_5x5Kbx40Kb_scaffold.html","./depthImages/multiChr/Lines000-099/LSVPlot_5x5Kbx40Kb_phal_FIL30_006_M2-2.html","./depthImages/singleChr/singleLine_scaffold/Lines000-099/LSVPlot_5x5Kbx40Kb_scaffold_phal_FIL30_006_M2-2.html",0.5245005,165000
"6782462",6782462,2.03096342843225,1.99910521640658,482001,647000,6782462,"phal_FIL30_6_M2-2_scaffold_10","phal_FIL30_006_M2-2","scaffold","phal_FIL30_6_M2-2","phal_FIL30",6,"M2-2","006","Lines000-099","10","00010",FALSE,"phal_FIL30_006_M2-2_scaffold","phal_FIL30_006_M2-2_00010",FALSE,FALSE,"scaffold","./depthImages/multiChr/LSVPlot_5x5Kbx40Kb_scaffold.html","./depthImages/singleChr/LSVPlot_5x5Kbx40Kb_scaffold.html","./depthImages/multiChr/Lines000-099/LSVPlot_5x5Kbx40Kb_phal_FIL30_006_M2-2.html","./depthImages/singleChr/singleLine_scaffold/Lines000-099/LSVPlot_5x5Kbx40Kb_scaffold_phal_FIL30_006_M2-2.html",0.5645005,165000
"6782463",6782463,2.00643707503367,1.99811638021017,522001,687000,6782463,"phal_FIL30_6_M2-2_scaffold_10","phal_FIL30_006_M2-2","scaffold","phal_FIL30_6_M2-2","phal_FIL30",6,"M2-2","006","Lines000-099","10","00010",FALSE,"phal_FIL30_006_M2-2_scaffold","phal_FIL30_006_M2-2_00010",FALSE,FALSE,"scaffold","./depthImages/multiChr/LSVPlot_5x5Kbx40Kb_scaffold.html","./depthImages/singleChr/LSVPlot_5x5Kbx40Kb_scaffold.html","./depthImages/multiChr/Lines000-099/LSVPlot_5x5Kbx40Kb_phal_FIL30_006_M2-2.html","./depthImages/singleChr/singleLine_scaffold/Lines000-099/LSVPlot_5x5Kbx40Kb_scaffold_phal_FIL30_006_M2-2.html",0.6045005,165000
"6782464",6782464,1.99614031568107,1.99811638021017,562001,727000,6782464,"phal_FIL30_6_M2-2_scaffold_10","phal_FIL30_006_M2-2","scaffold","phal_FIL30_6_M2-2","phal_FIL30",6,"M2-2","006","Lines000-099","10","00010",FALSE,"phal_FIL30_006_M2-2_scaffold","phal_FIL30_006_M2-2_00010",FALSE,FALSE,"scaffold","./depthImages/multiChr/LSVPlot_5x5Kbx40Kb_scaffold.html","./depthImages/singleChr/LSVPlot_5x5Kbx40Kb_scaffold.html","./depthImages/multiChr/Lines000-099/LSVPlot_5x5Kbx40Kb_phal_FIL30_006_M2-2.html","./depthImages/singleChr/singleLine_scaffold/Lines000-099/LSVPlot_5x5Kbx40Kb_scaffold_phal_FIL30_006_M2-2.html",0.6445005,165000
"7761709",7761709,2.08723898641524,2.02450602451157,42001,207000,7761709,"phal_FIL30_7_M2-2_scaffold_10","phal_FIL30_007_M2-2","scaffold","phal_FIL30_7_M2-2","phal_FIL30",7,"M2-2","007","Lines000-099","10","00010",FALSE,"phal_FIL30_007_M2-2_scaffold","phal_FIL30_007_M2-2_00010",FALSE,FALSE,"scaffold","./depthImages/multiChr/LSVPlot_5x5Kbx40Kb_scaffold.html","./depthImages/singleChr/LSVPlot_5x5Kbx40Kb_scaffold.html","./depthImages/multiChr/Lines000-099/LSVPlot_5x5Kbx40Kb_phal_FIL30_007_M2-2.html","./depthImages/singleChr/singleLine_scaffold/Lines000-099/LSVPlot_5x5Kbx40Kb_scaffold_phal_FIL30_007_M2-2.html",0.1245005,165000
"7761710",7761710,2.16445233928228,2.15677904868086,82001,247000,7761710,"phal_FIL30_7_M2-2_scaffold_10","phal_FIL30_007_M2-2","scaffold","phal_FIL30_7_M2-2","phal_FIL30",7,"M2-2","007","Lines000-099","10","00010",FALSE,"phal_FIL30_007_M2-2_scaffold","phal_FIL30_007_M2-2_00010",FALSE,FALSE,"scaffold","./depthImages/multiChr/LSVPlot_5x5Kbx40Kb_scaffold.html","./depthImages/singleChr/LSVPlot_5x5Kbx40Kb_scaffold.html","./depthImages/multiChr/Lines000-099/LSVPlot_5x5Kbx40Kb_phal_FIL30_007_M2-2.html","./depthImages/singleChr/singleLine_scaffold/Lines000-099/LSVPlot_5x5Kbx40Kb_scaffold_phal_FIL30_007_M2-2.html",0.1645005,165000
"7761711",7761711,2.1398456069593,2.15677904868086,122001,287000,7761711,"phal_FIL30_7_M2-2_scaffold_10","phal_FIL30_007_M2-2","scaffold","phal_FIL30_7_M2-2","phal_FIL30",7,"M2-2","007","Lines000-099","10","00010",FALSE,"phal_FIL30_007_M2-2_scaffold","phal_FIL30_007_M2-2_00010",FALSE,FALSE,"scaffold","./depthImages/multiChr/LSVPlot_5x5Kbx40Kb_scaffold.html","./depthImages/singleChr/LSVPlot_5x5Kbx40Kb_scaffold.html","./depthImages/multiChr/Lines000-099/LSVPlot_5x5Kbx40Kb_phal_FIL30_007_M2-2.html","./depthImages/singleChr/singleLine_scaffold/Lines000-099/LSVPlot_5x5Kbx40Kb_scaffold_phal_FIL30_007_M2-2.html",0.2045005,165000
"7761712",7761712,2.20228521910187,2.15677904868086,162001,327000,7761712,"phal_FIL30_7_M2-2_scaffold_10","phal_FIL30_007_M2-2","scaffold","phal_FIL30_7_M2-2","phal_FIL30",7,"M2-2","007","Lines000-099","10","00010",FALSE,"phal_FIL30_007_M2-2_scaffold","phal_FIL30_007_M2-2_00010",FALSE,FALSE,"scaffold","./depthImages/multiChr/LSVPlot_5x5Kbx40Kb_scaffold.html","./depthImages/singleChr/LSVPlot_5x5Kbx40Kb_scaffold.html","./depthImages/multiChr/Lines000-099/LSVPlot_5x5Kbx40Kb_phal_FIL30_007_M2-2.html","./depthImages/singleChr/singleLine_scaffold/Lines000-099/LSVPlot_5x5Kbx40Kb_scaffold_phal_FIL30_007_M2-2.html",0.2445005,165000
"7761713",7761713,2.20489764886412,2.16984119749213,202001,367000,7761713,"phal_FIL30_7_M2-2_scaffold_10","phal_FIL30_007_M2-2","scaffold","phal_FIL30_7_M2-2","phal_FIL30",7,"M2-2","007","Lines000-099","10","00010",FALSE,"phal_FIL30_007_M2-2_scaffold","phal_FIL30_007_M2-2_00010",FALSE,FALSE,"scaffold","./depthImages/multiChr/LSVPlot_5x5Kbx40Kb_scaffold.html","./depthImages/singleChr/LSVPlot_5x5Kbx40Kb_scaffold.html","./depthImages/multiChr/Lines000-099/LSVPlot_5x5Kbx40Kb_phal_FIL30_007_M2-2.html","./depthImages/singleChr/singleLine_scaffold/Lines000-099/LSVPlot_5x5Kbx40Kb_scaffold_phal_FIL30_007_M2-2.html",0.2845005,165000
"7761714",7761714,2.09900300478762,2.14905263174475,242001,407000,7761714,"phal_FIL30_7_M2-2_scaffold_10","phal_FIL30_007_M2-2","scaffold","phal_FIL30_7_M2-2","phal_FIL30",7,"M2-2","007","Lines000-099","10","00010",FALSE,"phal_FIL30_007_M2-2_scaffold","phal_FIL30_007_M2-2_00010",FALSE,FALSE,"scaffold","./depthImages/multiChr/LSVPlot_5x5Kbx40Kb_scaffold.html","./depthImages/singleChr/LSVPlot_5x5Kbx40Kb_scaffold.html","./depthImages/multiChr/Lines000-099/LSVPlot_5x5Kbx40Kb_phal_FIL30_007_M2-2.html","./depthImages/singleChr/singleLine_scaffold/Lines000-099/LSVPlot_5x5Kbx40Kb_scaffold_phal_FIL30_007_M2-2.html",0.3245005,165000
"7761715",7761715,2.04835281926445,2.04829738308913,282001,447000,7761715,"phal_FIL30_7_M2-2_scaffold_10","phal_FIL30_007_M2-2","scaffold","phal_FIL30_7_M2-2","phal_FIL30",7,"M2-2","007","Lines000-099","10","00010",FALSE,"phal_FIL30_007_M2-2_scaffold","phal_FIL30_007_M2-2_00010",FALSE,FALSE,"scaffold","./depthImages/multiChr/LSVPlot_5x5Kbx40Kb_scaffold.html","./depthImages/singleChr/LSVPlot_5x5Kbx40Kb_scaffold.html","./depthImages/multiChr/Lines000-099/LSVPlot_5x5Kbx40Kb_phal_FIL30_007_M2-2.html","./depthImages/singleChr/singleLine_scaffold/Lines000-099/LSVPlot_5x5Kbx40Kb_scaffold_phal_FIL30_007_M2-2.html",0.3645005,165000
"7761716",7761716,2.0817785231456,2.0686008823024,322001,487000,7761716,"phal_FIL30_7_M2-2_scaffold_10","phal_FIL30_007_M2-2","scaffold","phal_FIL30_7_M2-2","phal_FIL30",7,"M2-2","007","Lines000-099","10","00010",FALSE,"phal_FIL30_007_M2-2_scaffold","phal_FIL30_007_M2-2_00010",FALSE,FALSE,"scaffold","./depthImages/multiChr/LSVPlot_5x5Kbx40Kb_scaffold.html","./depthImages/singleChr/LSVPlot_5x5Kbx40Kb_scaffold.html","./depthImages/multiChr/Lines000-099/LSVPlot_5x5Kbx40Kb_phal_FIL30_007_M2-2.html","./depthImages/singleChr/singleLine_scaffold/Lines000-099/LSVPlot_5x5Kbx40Kb_scaffold_phal_FIL30_007_M2-2.html",0.4045005,165000
"7761717",7761717,2.07666453597174,2.0686008823024,362001,527000,7761717,"phal_FIL30_7_M2-2_scaffold_10","phal_FIL30_007_M2-2","scaffold","phal_FIL30_7_M2-2","phal_FIL30",7,"M2-2","007","Lines000-099","10","00010",FALSE,"phal_FIL30_007_M2-2_scaffold","phal_FIL30_007_M2-2_00010",FALSE,FALSE,"scaffold","./depthImages/multiChr/LSVPlot_5x5Kbx40Kb_scaffold.html","./depthImages/singleChr/LSVPlot_5x5Kbx40Kb_scaffold.html","./depthImages/multiChr/Lines000-099/LSVPlot_5x5Kbx40Kb_phal_FIL30_007_M2-2.html","./depthImages/singleChr/singleLine_scaffold/Lines000-099/LSVPlot_5x5Kbx40Kb_scaffold_phal_FIL30_007_M2-2.html",0.4445005,165000
"7761718",7761718,2.01952138841348,2.04829738308913,402001,567000,7761718,"phal_FIL30_7_M2-2_scaffold_10","phal_FIL30_007_M2-2","scaffold","phal_FIL30_7_M2-2","phal_FIL30",7,"M2-2","007","Lines000-099","10","00010",FALSE,"phal_FIL30_007_M2-2_scaffold","phal_FIL30_007_M2-2_00010",FALSE,FALSE,"scaffold","./depthImages/multiChr/LSVPlot_5x5Kbx40Kb_scaffold.html","./depthImages/singleChr/LSVPlot_5x5Kbx40Kb_scaffold.html","./depthImages/multiChr/Lines000-099/LSVPlot_5x5Kbx40Kb_phal_FIL30_007_M2-2.html","./depthImages/singleChr/singleLine_scaffold/Lines000-099/LSVPlot_5x5Kbx40Kb_scaffold_phal_FIL30_007_M2-2.html",0.4845005,165000
"7761719",7761719,2.02413414016876,2.04829738308913,442001,607000,7761719,"phal_FIL30_7_M2-2_scaffold_10","phal_FIL30_007_M2-2","scaffold","phal_FIL30_7_M2-2","phal_FIL30",7,"M2-2","007","Lines000-099","10","00010",FALSE,"phal_FIL30_007_M2-2_scaffold","phal_FIL30_007_M2-2_00010",FALSE,FALSE,"scaffold","./depthImages/multiChr/LSVPlot_5x5Kbx40Kb_scaffold.html","./depthImages/singleChr/LSVPlot_5x5Kbx40Kb_scaffold.html","./depthImages/multiChr/Lines000-099/LSVPlot_5x5Kbx40Kb_phal_FIL30_007_M2-2.html","./depthImages/singleChr/singleLine_scaffold/Lines000-099/LSVPlot_5x5Kbx40Kb_scaffold_phal_FIL30_007_M2-2.html",0.5245005,165000
"7761720",7761720,2.04853760651554,2.0686008823024,482001,647000,7761720,"phal_FIL30_7_M2-2_scaffold_10","phal_FIL30_007_M2-2","scaffold","phal_FIL30_7_M2-2","phal_FIL30",7,"M2-2","007","Lines000-099","10","00010",FALSE,"phal_FIL30_007_M2-2_scaffold","phal_FIL30_007_M2-2_00010",FALSE,FALSE,"scaffold","./depthImages/multiChr/LSVPlot_5x5Kbx40Kb_scaffold.html","./depthImages/singleChr/LSVPlot_5x5Kbx40Kb_scaffold.html","./depthImages/multiChr/Lines000-099/LSVPlot_5x5Kbx40Kb_phal_FIL30_007_M2-2.html","./depthImages/singleChr/singleLine_scaffold/Lines000-099/LSVPlot_5x5Kbx40Kb_scaffold_phal_FIL30_007_M2-2.html",0.5645005,165000
"7761721",7761721,2.03147250387758,1.99616427987598,522001,687000,7761721,"phal_FIL30_7_M2-2_scaffold_10","phal_FIL30_007_M2-2","scaffold","phal_FIL30_7_M2-2","phal_FIL30",7,"M2-2","007","Lines000-099","10","00010",FALSE,"phal_FIL30_007_M2-2_scaffold","phal_FIL30_007_M2-2_00010",FALSE,FALSE,"scaffold","./depthImages/multiChr/LSVPlot_5x5Kbx40Kb_scaffold.html","./depthImages/singleChr/LSVPlot_5x5Kbx40Kb_scaffold.html","./depthImages/multiChr/Lines000-099/LSVPlot_5x5Kbx40Kb_phal_FIL30_007_M2-2.html","./depthImages/singleChr/singleLine_scaffold/Lines000-099/LSVPlot_5x5Kbx40Kb_scaffold_phal_FIL30_007_M2-2.html",0.6045005,165000
"7761722",7761722,1.9737957831318,1.98327536911261,562001,727000,7761722,"phal_FIL30_7_M2-2_scaffold_10","phal_FIL30_007_M2-2","scaffold","phal_FIL30_7_M2-2","phal_FIL30",7,"M2-2","007","Lines000-099","10","00010",FALSE,"phal_FIL30_007_M2-2_scaffold","phal_FIL30_007_M2-2_00010",FALSE,FALSE,"scaffold","./depthImages/multiChr/LSVPlot_5x5Kbx40Kb_scaffold.html","./depthImages/singleChr/LSVPlot_5x5Kbx40Kb_scaffold.html","./depthImages/multiChr/Lines000-099/LSVPlot_5x5Kbx40Kb_phal_FIL30_007_M2-2.html","./depthImages/singleChr/singleLine_scaffold/Lines000-099/LSVPlot_5x5Kbx40Kb_scaffold_phal_FIL30_007_M2-2.html",0.6445005,165000
"9308493",9308493,2.0619217308207,1.99839793122765,42001,207000,9308493,"phal_FIL30_9_M2-2_scaffold_10","phal_FIL30_009_M2-2","scaffold","phal_FIL30_9_M2-2","phal_FIL30",9,"M2-2","009","Lines000-099","10","00010",FALSE,"phal_FIL30_009_M2-2_scaffold","phal_FIL30_009_M2-2_00010",FALSE,FALSE,"scaffold","./depthImages/multiChr/LSVPlot_5x5Kbx40Kb_scaffold.html","./depthImages/singleChr/LSVPlot_5x5Kbx40Kb_scaffold.html","./depthImages/multiChr/Lines000-099/LSVPlot_5x5Kbx40Kb_phal_FIL30_009_M2-2.html","./depthImages/singleChr/singleLine_scaffold/Lines000-099/LSVPlot_5x5Kbx40Kb_scaffold_phal_FIL30_009_M2-2.html",0.1245005,165000
"9308494",9308494,2.08688075302283,2.1231930422383,82001,247000,9308494,"phal_FIL30_9_M2-2_scaffold_10","phal_FIL30_009_M2-2","scaffold","phal_FIL30_9_M2-2","phal_FIL30",9,"M2-2","009","Lines000-099","10","00010",FALSE,"phal_FIL30_009_M2-2_scaffold","phal_FIL30_009_M2-2_00010",FALSE,FALSE,"scaffold","./depthImages/multiChr/LSVPlot_5x5Kbx40Kb_scaffold.html","./depthImages/singleChr/LSVPlot_5x5Kbx40Kb_scaffold.html","./depthImages/multiChr/Lines000-099/LSVPlot_5x5Kbx40Kb_phal_FIL30_009_M2-2.html","./depthImages/singleChr/singleLine_scaffold/Lines000-099/LSVPlot_5x5Kbx40Kb_scaffold_phal_FIL30_009_M2-2.html",0.1645005,165000
"9308495",9308495,2.08318000082255,2.1231930422383,122001,287000,9308495,"phal_FIL30_9_M2-2_scaffold_10","phal_FIL30_009_M2-2","scaffold","phal_FIL30_9_M2-2","phal_FIL30",9,"M2-2","009","Lines000-099","10","00010",FALSE,"phal_FIL30_009_M2-2_scaffold","phal_FIL30_009_M2-2_00010",FALSE,FALSE,"scaffold","./depthImages/multiChr/LSVPlot_5x5Kbx40Kb_scaffold.html","./depthImages/singleChr/LSVPlot_5x5Kbx40Kb_scaffold.html","./depthImages/multiChr/Lines000-099/LSVPlot_5x5Kbx40Kb_phal_FIL30_009_M2-2.html","./depthImages/singleChr/singleLine_scaffold/Lines000-099/LSVPlot_5x5Kbx40Kb_scaffold_phal_FIL30_009_M2-2.html",0.2045005,165000
"9308496",9308496,2.13467511722648,2.1231930422383,162001,327000,9308496,"phal_FIL30_9_M2-2_scaffold_10","phal_FIL30_009_M2-2","scaffold","phal_FIL30_9_M2-2","phal_FIL30",9,"M2-2","009","Lines000-099","10","00010",FALSE,"phal_FIL30_009_M2-2_scaffold","phal_FIL30_009_M2-2_00010",FALSE,FALSE,"scaffold","./depthImages/multiChr/LSVPlot_5x5Kbx40Kb_scaffold.html","./depthImages/singleChr/LSVPlot_5x5Kbx40Kb_scaffold.html","./depthImages/multiChr/Lines000-099/LSVPlot_5x5Kbx40Kb_phal_FIL30_009_M2-2.html","./depthImages/singleChr/singleLine_scaffold/Lines000-099/LSVPlot_5x5Kbx40Kb_scaffold_phal_FIL30_009_M2-2.html",0.2445005,165000
"9308497",9308497,2.12716297007831,2.09021489791009,202001,367000,9308497,"phal_FIL30_9_M2-2_scaffold_10","phal_FIL30_009_M2-2","scaffold","phal_FIL30_9_M2-2","phal_FIL30",9,"M2-2","009","Lines000-099","10","00010",FALSE,"phal_FIL30_009_M2-2_scaffold","phal_FIL30_009_M2-2_00010",FALSE,FALSE,"scaffold","./depthImages/multiChr/LSVPlot_5x5Kbx40Kb_scaffold.html","./depthImages/singleChr/LSVPlot_5x5Kbx40Kb_scaffold.html","./depthImages/multiChr/Lines000-099/LSVPlot_5x5Kbx40Kb_phal_FIL30_009_M2-2.html","./depthImages/singleChr/singleLine_scaffold/Lines000-099/LSVPlot_5x5Kbx40Kb_scaffold_phal_FIL30_009_M2-2.html",0.2845005,165000
"9308498",9308498,2.01511489442417,2.05004497498652,242001,407000,9308498,"phal_FIL30_9_M2-2_scaffold_10","phal_FIL30_009_M2-2","scaffold","phal_FIL30_9_M2-2","phal_FIL30",9,"M2-2","009","Lines000-099","10","00010",FALSE,"phal_FIL30_009_M2-2_scaffold","phal_FIL30_009_M2-2_00010",FALSE,FALSE,"scaffold","./depthImages/multiChr/LSVPlot_5x5Kbx40Kb_scaffold.html","./depthImages/singleChr/LSVPlot_5x5Kbx40Kb_scaffold.html","./depthImages/multiChr/Lines000-099/LSVPlot_5x5Kbx40Kb_phal_FIL30_009_M2-2.html","./depthImages/singleChr/singleLine_scaffold/Lines000-099/LSVPlot_5x5Kbx40Kb_scaffold_phal_FIL30_009_M2-2.html",0.3245005,165000
"9308499",9308499,2.01545838235708,2.05004497498652,282001,447000,9308499,"phal_FIL30_9_M2-2_scaffold_10","phal_FIL30_009_M2-2","scaffold","phal_FIL30_9_M2-2","phal_FIL30",9,"M2-2","009","Lines000-099","10","00010",FALSE,"phal_FIL30_009_M2-2_scaffold","phal_FIL30_009_M2-2_00010",FALSE,FALSE,"scaffold","./depthImages/multiChr/LSVPlot_5x5Kbx40Kb_scaffold.html","./depthImages/singleChr/LSVPlot_5x5Kbx40Kb_scaffold.html","./depthImages/multiChr/Lines000-099/LSVPlot_5x5Kbx40Kb_phal_FIL30_009_M2-2.html","./depthImages/singleChr/singleLine_scaffold/Lines000-099/LSVPlot_5x5Kbx40Kb_scaffold_phal_FIL30_009_M2-2.html",0.3645005,165000
"9308500",9308500,2.02939276302014,2.05004497498652,322001,487000,9308500,"phal_FIL30_9_M2-2_scaffold_10","phal_FIL30_009_M2-2","scaffold","phal_FIL30_9_M2-2","phal_FIL30",9,"M2-2","009","Lines000-099","10","00010",FALSE,"phal_FIL30_009_M2-2_scaffold","phal_FIL30_009_M2-2_00010",FALSE,FALSE,"scaffold","./depthImages/multiChr/LSVPlot_5x5Kbx40Kb_scaffold.html","./depthImages/singleChr/LSVPlot_5x5Kbx40Kb_scaffold.html","./depthImages/multiChr/Lines000-099/LSVPlot_5x5Kbx40Kb_phal_FIL30_009_M2-2.html","./depthImages/singleChr/singleLine_scaffold/Lines000-099/LSVPlot_5x5Kbx40Kb_scaffold_phal_FIL30_009_M2-2.html",0.4045005,165000
"9308501",9308501,2.01338094091667,1.96998586446917,362001,527000,9308501,"phal_FIL30_9_M2-2_scaffold_10","phal_FIL30_009_M2-2","scaffold","phal_FIL30_9_M2-2","phal_FIL30",9,"M2-2","009","Lines000-099","10","00010",FALSE,"phal_FIL30_009_M2-2_scaffold","phal_FIL30_009_M2-2_00010",FALSE,FALSE,"scaffold","./depthImages/multiChr/LSVPlot_5x5Kbx40Kb_scaffold.html","./depthImages/singleChr/LSVPlot_5x5Kbx40Kb_scaffold.html","./depthImages/multiChr/Lines000-099/LSVPlot_5x5Kbx40Kb_phal_FIL30_009_M2-2.html","./depthImages/singleChr/singleLine_scaffold/Lines000-099/LSVPlot_5x5Kbx40Kb_scaffold_phal_FIL30_009_M2-2.html",0.4445005,165000
"9308502",9308502,1.97722553320902,1.95936746346615,402001,567000,9308502,"phal_FIL30_9_M2-2_scaffold_10","phal_FIL30_009_M2-2","scaffold","phal_FIL30_9_M2-2","phal_FIL30",9,"M2-2","009","Lines000-099","10","00010",FALSE,"phal_FIL30_009_M2-2_scaffold","phal_FIL30_009_M2-2_00010",FALSE,FALSE,"scaffold","./depthImages/multiChr/LSVPlot_5x5Kbx40Kb_scaffold.html","./depthImages/singleChr/LSVPlot_5x5Kbx40Kb_scaffold.html","./depthImages/multiChr/Lines000-099/LSVPlot_5x5Kbx40Kb_phal_FIL30_009_M2-2.html","./depthImages/singleChr/singleLine_scaffold/Lines000-099/LSVPlot_5x5Kbx40Kb_scaffold_phal_FIL30_009_M2-2.html",0.4845005,165000
"9308503",9308503,1.9931663457879,1.96998586446917,442001,607000,9308503,"phal_FIL30_9_M2-2_scaffold_10","phal_FIL30_009_M2-2","scaffold","phal_FIL30_9_M2-2","phal_FIL30",9,"M2-2","009","Lines000-099","10","00010",FALSE,"phal_FIL30_009_M2-2_scaffold","phal_FIL30_009_M2-2_00010",FALSE,FALSE,"scaffold","./depthImages/multiChr/LSVPlot_5x5Kbx40Kb_scaffold.html","./depthImages/singleChr/LSVPlot_5x5Kbx40Kb_scaffold.html","./depthImages/multiChr/Lines000-099/LSVPlot_5x5Kbx40Kb_phal_FIL30_009_M2-2.html","./depthImages/singleChr/singleLine_scaffold/Lines000-099/LSVPlot_5x5Kbx40Kb_scaffold_phal_FIL30_009_M2-2.html",0.5245005,165000
"9308504",9308504,1.98107656137995,1.96998586446917,482001,647000,9308504,"phal_FIL30_9_M2-2_scaffold_10","phal_FIL30_009_M2-2","scaffold","phal_FIL30_9_M2-2","phal_FIL30",9,"M2-2","009","Lines000-099","10","00010",FALSE,"phal_FIL30_009_M2-2_scaffold","phal_FIL30_009_M2-2_00010",FALSE,FALSE,"scaffold","./depthImages/multiChr/LSVPlot_5x5Kbx40Kb_scaffold.html","./depthImages/singleChr/LSVPlot_5x5Kbx40Kb_scaffold.html","./depthImages/multiChr/Lines000-099/LSVPlot_5x5Kbx40Kb_phal_FIL30_009_M2-2.html","./depthImages/singleChr/singleLine_scaffold/Lines000-099/LSVPlot_5x5Kbx40Kb_scaffold_phal_FIL30_009_M2-2.html",0.5645005,165000
"9308505",9308505,1.99454690305672,2.00213005972949,522001,687000,9308505,"phal_FIL30_9_M2-2_scaffold_10","phal_FIL30_009_M2-2","scaffold","phal_FIL30_9_M2-2","phal_FIL30",9,"M2-2","009","Lines000-099","10","00010",FALSE,"phal_FIL30_009_M2-2_scaffold","phal_FIL30_009_M2-2_00010",FALSE,FALSE,"scaffold","./depthImages/multiChr/LSVPlot_5x5Kbx40Kb_scaffold.html","./depthImages/singleChr/LSVPlot_5x5Kbx40Kb_scaffold.html","./depthImages/multiChr/Lines000-099/LSVPlot_5x5Kbx40Kb_phal_FIL30_009_M2-2.html","./depthImages/singleChr/singleLine_scaffold/Lines000-099/LSVPlot_5x5Kbx40Kb_scaffold_phal_FIL30_009_M2-2.html",0.6045005,165000
"9308506",9308506,1.99083128839781,2.00213005972949,562001,727000,9308506,"phal_FIL30_9_M2-2_scaffold_10","phal_FIL30_009_M2-2","scaffold","phal_FIL30_9_M2-2","phal_FIL30",9,"M2-2","009","Lines000-099","10","00010",FALSE,"phal_FIL30_009_M2-2_scaffold","phal_FIL30_009_M2-2_00010",FALSE,FALSE,"scaffold","./depthImages/multiChr/LSVPlot_5x5Kbx40Kb_scaffold.html","./depthImages/singleChr/LSVPlot_5x5Kbx40Kb_scaffold.html","./depthImages/multiChr/Lines000-099/LSVPlot_5x5Kbx40Kb_phal_FIL30_009_M2-2.html","./depthImages/singleChr/singleLine_scaffold/Lines000-099/LSVPlot_5x5Kbx40Kb_scaffold_phal_FIL30_009_M2-2.html",0.6445005,165000
"640746",640746,2.06489414838564,2.07300363580157,42001,207000,640746,"phal_FIL30_10_M2-2_scaffold_10","phal_FIL30_010_M2-2","scaffold","phal_FIL30_10_M2-2","phal_FIL30",10,"M2-2","010","Lines000-099","10","00010",FALSE,"phal_FIL30_010_M2-2_scaffold","phal_FIL30_010_M2-2_00010",FALSE,FALSE,"scaffold","./depthImages/multiChr/LSVPlot_5x5Kbx40Kb_scaffold.html","./depthImages/singleChr/LSVPlot_5x5Kbx40Kb_scaffold.html","./depthImages/multiChr/Lines000-099/LSVPlot_5x5Kbx40Kb_phal_FIL30_010_M2-2.html","./depthImages/singleChr/singleLine_scaffold/Lines000-099/LSVPlot_5x5Kbx40Kb_scaffold_phal_FIL30_010_M2-2.html",0.1245005,165000
"640747",640747,2.12999073713413,2.16384279670315,82001,247000,640747,"phal_FIL30_10_M2-2_scaffold_10","phal_FIL30_010_M2-2","scaffold","phal_FIL30_10_M2-2","phal_FIL30",10,"M2-2","010","Lines000-099","10","00010",FALSE,"phal_FIL30_010_M2-2_scaffold","phal_FIL30_010_M2-2_00010",FALSE,FALSE,"scaffold","./depthImages/multiChr/LSVPlot_5x5Kbx40Kb_scaffold.html","./depthImages/singleChr/LSVPlot_5x5Kbx40Kb_scaffold.html","./depthImages/multiChr/Lines000-099/LSVPlot_5x5Kbx40Kb_phal_FIL30_010_M2-2.html","./depthImages/singleChr/singleLine_scaffold/Lines000-099/LSVPlot_5x5Kbx40Kb_scaffold_phal_FIL30_010_M2-2.html",0.1645005,165000
"640748",640748,2.10712391789765,2.16384279670315,122001,287000,640748,"phal_FIL30_10_M2-2_scaffold_10","phal_FIL30_010_M2-2","scaffold","phal_FIL30_10_M2-2","phal_FIL30",10,"M2-2","010","Lines000-099","10","00010",FALSE,"phal_FIL30_010_M2-2_scaffold","phal_FIL30_010_M2-2_00010",FALSE,FALSE,"scaffold","./depthImages/multiChr/LSVPlot_5x5Kbx40Kb_scaffold.html","./depthImages/singleChr/LSVPlot_5x5Kbx40Kb_scaffold.html","./depthImages/multiChr/Lines000-099/LSVPlot_5x5Kbx40Kb_phal_FIL30_010_M2-2.html","./depthImages/singleChr/singleLine_scaffold/Lines000-099/LSVPlot_5x5Kbx40Kb_scaffold_phal_FIL30_010_M2-2.html",0.2045005,165000
"640749",640749,2.1271964695422,2.16384279670315,162001,327000,640749,"phal_FIL30_10_M2-2_scaffold_10","phal_FIL30_010_M2-2","scaffold","phal_FIL30_10_M2-2","phal_FIL30",10,"M2-2","010","Lines000-099","10","00010",FALSE,"phal_FIL30_010_M2-2_scaffold","phal_FIL30_010_M2-2_00010",FALSE,FALSE,"scaffold","./depthImages/multiChr/LSVPlot_5x5Kbx40Kb_scaffold.html","./depthImages/singleChr/LSVPlot_5x5Kbx40Kb_scaffold.html","./depthImages/multiChr/Lines000-099/LSVPlot_5x5Kbx40Kb_phal_FIL30_010_M2-2.html","./depthImages/singleChr/singleLine_scaffold/Lines000-099/LSVPlot_5x5Kbx40Kb_scaffold_phal_FIL30_010_M2-2.html",0.2445005,165000
"640750",640750,2.13749587505874,2.20562948976225,202001,367000,640750,"phal_FIL30_10_M2-2_scaffold_10","phal_FIL30_010_M2-2","scaffold","phal_FIL30_10_M2-2","phal_FIL30",10,"M2-2","010","Lines000-099","10","00010",FALSE,"phal_FIL30_010_M2-2_scaffold","phal_FIL30_010_M2-2_00010",FALSE,FALSE,"scaffold","./depthImages/multiChr/LSVPlot_5x5Kbx40Kb_scaffold.html","./depthImages/singleChr/LSVPlot_5x5Kbx40Kb_scaffold.html","./depthImages/multiChr/Lines000-099/LSVPlot_5x5Kbx40Kb_phal_FIL30_010_M2-2.html","./depthImages/singleChr/singleLine_scaffold/Lines000-099/LSVPlot_5x5Kbx40Kb_scaffold_phal_FIL30_010_M2-2.html",0.2845005,165000
"640751",640751,2.07207843784435,2.00358832484539,242001,407000,640751,"phal_FIL30_10_M2-2_scaffold_10","phal_FIL30_010_M2-2","scaffold","phal_FIL30_10_M2-2","phal_FIL30",10,"M2-2","010","Lines000-099","10","00010",FALSE,"phal_FIL30_010_M2-2_scaffold","phal_FIL30_010_M2-2_00010",FALSE,FALSE,"scaffold","./depthImages/multiChr/LSVPlot_5x5Kbx40Kb_scaffold.html","./depthImages/singleChr/LSVPlot_5x5Kbx40Kb_scaffold.html","./depthImages/multiChr/Lines000-099/LSVPlot_5x5Kbx40Kb_phal_FIL30_010_M2-2.html","./depthImages/singleChr/singleLine_scaffold/Lines000-099/LSVPlot_5x5Kbx40Kb_scaffold_phal_FIL30_010_M2-2.html",0.3245005,165000
"640752",640752,2.06657648081796,2.00358832484539,282001,447000,640752,"phal_FIL30_10_M2-2_scaffold_10","phal_FIL30_010_M2-2","scaffold","phal_FIL30_10_M2-2","phal_FIL30",10,"M2-2","010","Lines000-099","10","00010",FALSE,"phal_FIL30_010_M2-2_scaffold","phal_FIL30_010_M2-2_00010",FALSE,FALSE,"scaffold","./depthImages/multiChr/LSVPlot_5x5Kbx40Kb_scaffold.html","./depthImages/singleChr/LSVPlot_5x5Kbx40Kb_scaffold.html","./depthImages/multiChr/Lines000-099/LSVPlot_5x5Kbx40Kb_phal_FIL30_010_M2-2.html","./depthImages/singleChr/singleLine_scaffold/Lines000-099/LSVPlot_5x5Kbx40Kb_scaffold_phal_FIL30_010_M2-2.html",0.3645005,165000
"640753",640753,2.07823227746812,2.01694852286997,322001,487000,640753,"phal_FIL30_10_M2-2_scaffold_10","phal_FIL30_010_M2-2","scaffold","phal_FIL30_10_M2-2","phal_FIL30",10,"M2-2","010","Lines000-099","10","00010",FALSE,"phal_FIL30_010_M2-2_scaffold","phal_FIL30_010_M2-2_00010",FALSE,FALSE,"scaffold","./depthImages/multiChr/LSVPlot_5x5Kbx40Kb_scaffold.html","./depthImages/singleChr/LSVPlot_5x5Kbx40Kb_scaffold.html","./depthImages/multiChr/Lines000-099/LSVPlot_5x5Kbx40Kb_phal_FIL30_010_M2-2.html","./depthImages/singleChr/singleLine_scaffold/Lines000-099/LSVPlot_5x5Kbx40Kb_scaffold_phal_FIL30_010_M2-2.html",0.4045005,165000
"640754",640754,2.06015781388899,2.01694852286997,362001,527000,640754,"phal_FIL30_10_M2-2_scaffold_10","phal_FIL30_010_M2-2","scaffold","phal_FIL30_10_M2-2","phal_FIL30",10,"M2-2","010","Lines000-099","10","00010",FALSE,"phal_FIL30_010_M2-2_scaffold","phal_FIL30_010_M2-2_00010",FALSE,FALSE,"scaffold","./depthImages/multiChr/LSVPlot_5x5Kbx40Kb_scaffold.html","./depthImages/singleChr/LSVPlot_5x5Kbx40Kb_scaffold.html","./depthImages/multiChr/Lines000-099/LSVPlot_5x5Kbx40Kb_phal_FIL30_010_M2-2.html","./depthImages/singleChr/singleLine_scaffold/Lines000-099/LSVPlot_5x5Kbx40Kb_scaffold_phal_FIL30_010_M2-2.html",0.4445005,165000
"640755",640755,2.01327319520501,1.98091673086594,402001,567000,640755,"phal_FIL30_10_M2-2_scaffold_10","phal_FIL30_010_M2-2","scaffold","phal_FIL30_10_M2-2","phal_FIL30",10,"M2-2","010","Lines000-099","10","00010",FALSE,"phal_FIL30_010_M2-2_scaffold","phal_FIL30_010_M2-2_00010",FALSE,FALSE,"scaffold","./depthImages/multiChr/LSVPlot_5x5Kbx40Kb_scaffold.html","./depthImages/singleChr/LSVPlot_5x5Kbx40Kb_scaffold.html","./depthImages/multiChr/Lines000-099/LSVPlot_5x5Kbx40Kb_phal_FIL30_010_M2-2.html","./depthImages/singleChr/singleLine_scaffold/Lines000-099/LSVPlot_5x5Kbx40Kb_scaffold_phal_FIL30_010_M2-2.html",0.4845005,165000
"640756",640756,1.9988163405192,1.98091673086594,442001,607000,640756,"phal_FIL30_10_M2-2_scaffold_10","phal_FIL30_010_M2-2","scaffold","phal_FIL30_10_M2-2","phal_FIL30",10,"M2-2","010","Lines000-099","10","00010",FALSE,"phal_FIL30_010_M2-2_scaffold","phal_FIL30_010_M2-2_00010",FALSE,FALSE,"scaffold","./depthImages/multiChr/LSVPlot_5x5Kbx40Kb_scaffold.html","./depthImages/singleChr/LSVPlot_5x5Kbx40Kb_scaffold.html","./depthImages/multiChr/Lines000-099/LSVPlot_5x5Kbx40Kb_phal_FIL30_010_M2-2.html","./depthImages/singleChr/singleLine_scaffold/Lines000-099/LSVPlot_5x5Kbx40Kb_scaffold_phal_FIL30_010_M2-2.html",0.5245005,165000
"640757",640757,1.98378060050602,1.98091673086594,482001,647000,640757,"phal_FIL30_10_M2-2_scaffold_10","phal_FIL30_010_M2-2","scaffold","phal_FIL30_10_M2-2","phal_FIL30",10,"M2-2","010","Lines000-099","10","00010",FALSE,"phal_FIL30_010_M2-2_scaffold","phal_FIL30_010_M2-2_00010",FALSE,FALSE,"scaffold","./depthImages/multiChr/LSVPlot_5x5Kbx40Kb_scaffold.html","./depthImages/singleChr/LSVPlot_5x5Kbx40Kb_scaffold.html","./depthImages/multiChr/Lines000-099/LSVPlot_5x5Kbx40Kb_phal_FIL30_010_M2-2.html","./depthImages/singleChr/singleLine_scaffold/Lines000-099/LSVPlot_5x5Kbx40Kb_scaffold_phal_FIL30_010_M2-2.html",0.5645005,165000
"640758",640758,1.97844331173991,1.98091673086594,522001,687000,640758,"phal_FIL30_10_M2-2_scaffold_10","phal_FIL30_010_M2-2","scaffold","phal_FIL30_10_M2-2","phal_FIL30",10,"M2-2","010","Lines000-099","10","00010",FALSE,"phal_FIL30_010_M2-2_scaffold","phal_FIL30_010_M2-2_00010",FALSE,FALSE,"scaffold","./depthImages/multiChr/LSVPlot_5x5Kbx40Kb_scaffold.html","./depthImages/singleChr/LSVPlot_5x5Kbx40Kb_scaffold.html","./depthImages/multiChr/Lines000-099/LSVPlot_5x5Kbx40Kb_phal_FIL30_010_M2-2.html","./depthImages/singleChr/singleLine_scaffold/Lines000-099/LSVPlot_5x5Kbx40Kb_scaffold_phal_FIL30_010_M2-2.html",0.6045005,165000
"640759",640759,1.96672470348531,1.98091673086594,562001,727000,640759,"phal_FIL30_10_M2-2_scaffold_10","phal_FIL30_010_M2-2","scaffold","phal_FIL30_10_M2-2","phal_FIL30",10,"M2-2","010","Lines000-099","10","00010",FALSE,"phal_FIL30_010_M2-2_scaffold","phal_FIL30_010_M2-2_00010",FALSE,FALSE,"scaffold","./depthImages/multiChr/LSVPlot_5x5Kbx40Kb_scaffold.html","./depthImages/singleChr/LSVPlot_5x5Kbx40Kb_scaffold.html","./depthImages/multiChr/Lines000-099/LSVPlot_5x5Kbx40Kb_phal_FIL30_010_M2-2.html","./depthImages/singleChr/singleLine_scaffold/Lines000-099/LSVPlot_5x5Kbx40Kb_scaffold_phal_FIL30_010_M2-2.html",0.6445005,165000
"810038",810038,2.07375689507974,2.03963154109277,42001,207000,810038,"phal_FIL30_11_M2-2_scaffold_10","phal_FIL30_011_M2-2","scaffold","phal_FIL30_11_M2-2","phal_FIL30",11,"M2-2","011","Lines000-099","10","00010",FALSE,"phal_FIL30_011_M2-2_scaffold","phal_FIL30_011_M2-2_00010",FALSE,FALSE,"scaffold","./depthImages/multiChr/LSVPlot_5x5Kbx40Kb_scaffold.html","./depthImages/singleChr/LSVPlot_5x5Kbx40Kb_scaffold.html","./depthImages/multiChr/Lines000-099/LSVPlot_5x5Kbx40Kb_phal_FIL30_011_M2-2.html","./depthImages/singleChr/singleLine_scaffold/Lines000-099/LSVPlot_5x5Kbx40Kb_scaffold_phal_FIL30_011_M2-2.html",0.1245005,165000
